n11,n47,1308
n47,n59,334
n47,n02,54
n11,n59,1561
n11,n02,188
n02,n59,54
n08,n39,835
n11,n29,659
n32,n18,1702
n08,n23,1771
n11,n60,189
n08,n18,7318
n32,n21,233
n26,n08,1053
n11,n40,518
n08,n14,1151
n14,n09,139
n14,n59,328
n11,n14,1031
n68,n14,75
n18,n14,1419
n08,n09,712
n08,n59,1511
n08,n11,5418
n68,n08,428
n59,n09,235
n11,n09,742
n68,n09,34
n18,n09,972
n68,n59,90
n18,n59,2057
n68,n11,331
n18,n11,7294
n68,n18,417
n08,n60,263
n75,n60,19
n26,n60,55
n18,n60,284
n08,n75,719
n26,n75,490
n75,n18,763
n26,n18,1126
n37,n36,435
n34,n21,104
n03,n59,202
n08,n03,996
n12,n59,1299
n08,n12,4735
n12,n57,367
n12,n14,1069
n08,n57,503
n57,n14,96
n23,n55,44
n08,n55,147
n03,n55,51
n39,n55,17
n50,n55,71
n16,n55,20
n11,n55,142
n04,n55,97
n05,n55,10
n12,n55,105
n18,n55,185
n23,n03,418
n23,n39,367
n23,n50,1074
n23,n16,227
n23,n11,1653
n04,n23,1832
n23,n05,103
n23,n12,1286
n23,n18,2055
n08,n50,2074
n08,n16,472
n04,n08,2680
n08,n05,312
n03,n39,278
n50,n03,819
n03,n16,90
n11,n03,806
n04,n03,751
n03,n05,42
n12,n03,645
n18,n03,1003
n50,n39,496
n39,n16,95
n11,n39,663
n04,n39,603
n39,n05,21
n12,n39,553
n18,n39,901
n50,n16,197
n50,n11,1729
n04,n50,1792
n50,n05,94
n50,n12,1424
n18,n50,2200
n11,n16,435
n04,n16,363
n16,n05,25
n12,n16,392
n18,n16,601
n04,n11,2514
n11,n05,292
n11,n12,4041
n04,n05,124
n04,n12,1925
n04,n18,3066
n12,n05,215
n18,n05,323
n18,n12,5671
n26,n09,83
n23,n09,214
n52,n62,79
n21,n52,46
n21,n62,21
n32,n45,510
n08,n32,1639
n32,n47,953
n32,n50,1465
n32,n12,1089
n08,n45,1170
n47,n45,500
n50,n45,704
n12,n45,767
n18,n45,1244
n08,n47,1543
n50,n47,1271
n12,n47,1024
n18,n47,1663
n63,n77,24
n14,n63,59
n50,n63,293
n57,n63,33
n04,n63,251
n18,n63,367
n14,n77,22
n50,n77,139
n57,n77,54
n04,n77,118
n18,n77,142
n50,n14,369
n04,n14,499
n50,n57,388
n04,n57,301
n18,n57,477
n68,n04,219
n37,n23,1082
n37,n08,1444
n37,n18,1676
n37,n50,894
n37,n29,363
n37,n11,1397
n37,n12,961
n50,n29,412
n12,n29,475
n18,n29,825
n32,n02,50
n23,n32,868
n32,n09,157
n32,n75,192
n32,n53,324
n32,n34,313
n32,n59,351
n32,n11,1346
n32,n24,115
n23,n02,54
n02,n09,34
n75,n02,22
n53,n02,107
n34,n02,32
n24,n02,12
n12,n02,181
n23,n75,243
n23,n53,375
n23,n34,294
n23,n59,410
n23,n24,117
n75,n09,53
n53,n09,249
n34,n09,95
n24,n09,28
n12,n09,494
n75,n53,138
n75,n34,211
n75,n59,154
n75,n11,570
n75,n24,105
n75,n12,581
n34,n53,188
n53,n59,426
n11,n53,1336
n24,n53,53
n12,n53,1193
n34,n59,235
n11,n34,902
n24,n34,92
n12,n34,828
n24,n59,62
n11,n24,248
n12,n24,222
n37,n55,57
n14,n55,29
n36,n55,44
n34,n55,29
n37,n14,266
n37,n34,245
n36,n14,210
n34,n14,158
n36,n34,347
n36,n12,951
n23,n45,593
n36,n23,504
n23,n29,328
n37,n45,613
n37,n04,1955
n37,n24,82
n36,n45,402
n29,n45,289
n11,n45,1034
n04,n45,1106
n24,n45,86
n36,n08,1322
n08,n29,756
n08,n24,310
n36,n29,250
n36,n11,1027
n36,n04,781
n36,n24,116
n36,n18,1428
n04,n29,500
n24,n29,41
n04,n24,185
n18,n24,320
n04,n32,1444
n75,n47,186
n04,n75,350
n34,n47,316
n04,n47,1266
n04,n34,470
n12,n15,417
n08,n28,165
n28,n34,55
n11,n28,133
n28,n46,4
n08,n34,1057
n08,n46,188
n34,n46,25
n11,n46,149
n32,n39,410
n68,n32,175
n39,n09,72
n50,n09,189
n04,n09,282
n34,n39,176
n68,n39,77
n50,n34,426
n68,n34,122
n18,n34,1240
n68,n50,221
n39,n59,196
n05,n53,120
n23,n47,824
n03,n47,501
n39,n62,33
n47,n62,32
n12,n62,86
n18,n62,136
n47,n39,378
n36,n21,173
n03,n21,116
n38,n21,25
n50,n21,287
n36,n03,322
n36,n38,136
n36,n50,707
n38,n03,48
n38,n50,115
n03,n45,334
n40,n21,85
n08,n40,619
n40,n06,78
n08,n21,618
n21,n06,96
n08,n06,894
n08,n22,338
n06,n22,33
n36,n22,51
n22,n59,73
n26,n22,42
n11,n22,304
n18,n22,382
n36,n06,166
n06,n59,292
n26,n06,131
n11,n06,979
n18,n06,1387
n36,n59,277
n36,n26,541
n26,n59,237
n26,n11,830
n08,n38,253
n38,n11,184
n38,n12,160
n38,n18,267
n40,n47,293
n32,n03,642
n23,n76,78
n37,n76,78
n45,n76,56
n34,n76,50
n50,n76,167
n29,n76,41
n18,n76,218
n34,n45,237
n34,n29,138
n23,n15,147
n23,n48,38
n37,n75,201
n37,n15,112
n37,n48,23
n37,n05,88
n08,n15,540
n08,n48,174
n75,n15,61
n75,n29,134
n75,n48,11
n75,n05,36
n15,n29,70
n15,n48,45
n11,n15,414
n15,n05,85
n18,n15,519
n48,n29,13
n29,n05,56
n11,n48,153
n48,n05,10
n18,n48,178
n32,n06,239
n50,n06,285
n14,n60,43
n60,n61,70
n60,n53,54
n14,n61,29
n14,n53,397
n08,n61,176
n08,n53,1522
n61,n53,35
n11,n61,129
n18,n61,190
n18,n53,1684
n12,n06,602
n47,n06,245
n59,n46,53
n68,n12,286
n68,n46,8
n12,n46,187
n18,n46,182
n26,n23,391
n32,n46,29
n53,n46,104
n36,n48,36
n36,n47,489
n12,n66,135
n08,n66,143
n14,n66,55
n32,n14,306
n32,n15,131
n15,n14,127
n75,n40,121
n21,n29,123
n38,n14,32
n26,n14,190
n38,n53,41
n26,n38,97
n26,n53,174
n26,n12,813
n75,n38,75
n75,n22,31
n53,n22,177
n16,n22,42
n04,n22,147
n36,n75,284
n36,n53,220
n36,n16,106
n75,n16,82
n16,n53,139
n04,n53,564
n32,n40,257
n23,n40,227
n40,n66,8
n36,n40,332
n40,n03,165
n40,n53,134
n50,n40,354
n40,n59,121
n40,n48,16
n04,n40,379
n40,n12,389
n32,n66,35
n36,n32,480
n32,n48,42
n23,n66,47
n36,n66,26
n03,n66,22
n47,n66,37
n66,n53,98
n50,n66,48
n66,n59,44
n48,n66,11
n04,n66,62
n03,n53,191
n03,n48,26
n47,n53,301
n47,n48,49
n50,n53,427
n48,n53,197
n50,n59,456
n50,n48,47
n48,n59,44
n04,n59,660
n04,n48,63
n12,n48,135
n37,n03,419
n37,n39,325
n36,n39,266
n39,n53,141
n32,n16,180
n16,n14,152
n68,n16,25
n12,n22,270
n15,n09,65
n16,n09,57
n47,n09,172
n47,n16,144
n45,n77,59
n56,n45,44
n56,n77,6
n32,n77,101
n32,n56,48
n50,n33,27
n50,n72,26
n33,n63,7
n33,n72,1
n72,n63,13
n40,n60,30
n40,n14,91
n40,n52,37
n18,n40,660
n60,n52,120
n50,n60,131
n14,n52,37
n08,n52,251
n50,n52,143
n11,n52,180
n18,n52,248
n35,n55,8
n35,n03,164
n35,n12,220
n35,n18,314
n63,n78,33
n03,n63,208
n11,n63,284
n63,n70,48
n12,n63,214
n03,n78,45
n11,n78,51
n78,n70,17
n12,n78,35
n03,n70,59
n11,n70,56
n12,n70,51
n40,n33,13
n26,n40,197
n26,n33,10
n08,n02,209
n16,n02,11
n18,n02,220
n68,n75,85
n11,n56,76
n63,n76,78
n37,n60,95
n37,n16,189
n45,n60,63
n16,n60,15
n04,n60,172
n16,n45,128
n75,n06,83
n06,n53,192
n15,n06,85
n48,n06,15
n15,n53,266
n26,n15,79
n26,n48,16
n35,n40,38
n40,n45,211
n35,n45,84
n35,n11,245
n26,n34,291
n24,n14,66
n50,n24,142
n26,n47,340
n57,n47,302
n34,n57,107
n26,n50,493
n57,n59,90
n26,n57,117
n11,n57,366
n26,n32,348
n75,n45,196
n16,n52,16
n03,n61,25
n47,n61,48
n37,n26,312
n28,n59,28
n18,n28,181
n37,n40,231
n39,n14,128
n29,n14,109
n29,n39,147
n29,n53,155
n04,n26,558
n26,n24,183
n23,n07,53
n37,n07,41
n08,n07,181
n29,n07,24
n37,n32,684
n68,n23,153
n37,n68,103
n11,n66,136
n18,n66,169
n08,n35,313
n60,n77,6
n29,n60,26
n29,n77,34
n36,n35,103
n35,n69,22
n35,n50,204
n08,n69,93
n36,n69,41
n50,n69,70
n11,n69,73
n12,n69,59
n18,n69,105
n28,n47,60
n04,n28,91
n37,n47,689
n26,n52,48
n54,n52,1
n26,n54,6
n34,n05,40
n39,n66,23
n26,n28,72
n26,n03,213
n37,n77,71
n68,n26,166
n75,n39,93
n35,n47,145
n04,n35,186
n16,n59,134
n36,n68,172
n68,n47,197
n18,n21,701
n47,n21,225
n04,n38,128
n38,n24,37
n64,n40,31
n08,n64,131
n64,n11,116
n64,n18,147
n03,n34,222
n60,n62,94
n62,n61,76
n52,n61,89
n26,n29,183
n38,n29,51
n15,n45,98
n26,n45,289
n36,n15,87
n03,n15,72
n50,n15,182
n40,n63,49
n38,n40,64
n32,n63,236
n32,n38,91
n23,n63,128
n23,n38,84
n37,n63,114
n45,n63,105
n36,n63,101
n38,n63,14
n37,n38,89
n38,n45,91
n40,n39,105
n23,n14,309
n11,n21,532
n24,n16,26
n38,n09,27
n68,n38,38
n68,n03,122
n75,n03,122
n18,n67,63
n47,n67,18
n36,n78,22
n50,n78,43
n23,n21,276
n37,n21,296
n75,n21,75
n21,n53,140
n21,n16,87
n04,n21,447
n12,n21,418
n37,n53,283
n75,n50,289
n34,n16,87
n21,n49,5
n21,n05,36
n21,n45,225
n26,n21,131
n63,n30,7
n26,n63,81
n24,n63,24
n05,n63,12
n37,n30,7
n37,n57,153
n26,n30,3
n57,n30,1
n04,n30,5
n24,n30,1
n05,n30,1
n26,n05,49
n24,n57,37
n57,n05,24
n24,n05,18
n37,n59,338
n15,n59,123
n04,n15,220
n05,n59,60
n21,n69,11
n08,n76,194
n11,n76,180
n40,n77,26
n40,n72,6
n08,n77,170
n72,n77,2
n08,n72,44
n38,n19,3
n08,n19,143
n35,n15,22
n35,n14,58
n64,n12,82
n08,n63,357
n32,n13,10
n21,n13,6
n08,n13,31
n16,n13,5
n11,n13,51
n18,n13,45
n35,n59,79
n38,n47,96
n38,n16,15
n04,n52,176
n29,n52,29
n36,n09,96
n14,n45,163
n45,n53,239
n38,n39,18
n26,n39,171
n68,n69,16
n03,n49,5
n18,n49,23
n23,n49,10
n32,n35,184
n32,n28,55
n32,n52,102
n35,n21,44
n28,n21,18
n21,n59,149
n24,n21,39
n37,n35,109
n35,n28,14
n35,n52,18
n35,n24,21
n37,n28,55
n37,n52,99
n28,n52,13
n50,n28,67
n28,n24,33
n28,n12,115
n52,n59,55
n24,n52,14
n12,n52,165
n36,n52,91
n03,n52,64
n57,n22,33
n40,n24,78
n35,n39,85
n23,n06,304
n06,n45,154
n06,n16,80
n04,n06,447
n26,n07,22
n40,n29,120
n39,n45,299
n47,n29,304
n47,n63,140
n29,n63,65
n47,n78,29
n29,n78,13
n18,n78,71
n48,n14,39
n06,n05,39
n24,n03,71
n37,n25,39
n08,n25,61
n50,n25,63
n29,n25,20
n11,n25,53
n18,n25,61
n15,n16,49
n36,n64,57
n35,n34,68
n39,n77,35
n47,n77,91
n34,n77,36
n47,n14,265
n08,n51,10
n34,n51,3
n11,n51,6
n12,n51,11
n18,n51,9
n04,n02,88
n35,n63,123
n37,n09,169
n45,n09,109
n68,n45,106
n40,n55,25
n32,n55,47
n32,n29,313
n57,n45,143
n23,n60,114
n23,n52,136
n60,n59,63
n48,n45,34
n67,n76,7
n37,n67,19
n40,n76,37
n40,n69,16
n21,n76,28
n35,n76,41
n69,n76,12
n47,n76,114
n04,n76,151
n47,n69,46
n04,n69,56
n23,n64,73
n64,n45,59
n64,n39,26
n64,n29,34
n32,n57,278
n57,n21,63
n23,n57,196
n03,n57,117
n24,n47,133
n21,n60,36
n12,n60,183
n75,n52,20
n45,n07,29
n14,n07,58
n18,n07,212
n40,n34,151
n66,n02,8
n23,n61,59
n36,n61,57
n08,n49,17
n12,n07,157
n29,n09,72
n34,n06,160
n38,n15,13
n23,n35,114
n23,n30,4
n23,n72,16
n35,n30,3
n35,n72,9
n08,n30,24
n50,n30,10
n72,n30,2
n12,n30,12
n18,n30,20
n12,n72,23
n18,n72,35
n26,n16,83
n45,n59,234
n12,n61,141
n26,n61,33
n68,n61,15
n12,n67,32
n40,n67,7
n23,n67,17
n04,n67,35
n21,n30,2
n45,n30,4
n75,n30,5
n53,n30,2
n29,n59,158
n29,n30,6
n59,n30,6
n11,n30,16
n35,n65,3
n21,n65,1
n36,n65,9
n63,n60,20
n16,n63,38
n06,n60,39
n37,n78,27
n04,n78,42
n23,n69,30
n22,n74,4
n08,n74,24
n11,n74,22
n12,n74,20
n18,n74,27
n06,n09,168
n68,n57,68
n15,n21,58
n37,n06,258
n29,n06,84
n15,n47,127
n68,n40,92
n68,n63,47
n03,n29,183
n68,n29,58
n21,n14,107
n40,n09,75
n14,n76,29
n03,n76,116
n76,n09,15
n03,n14,138
n03,n09,88
n45,n55,51
n06,n55,31
n75,n55,19
n26,n62,28
n11,n62,92
n19,n22,32
n12,n19,125
n32,n54,10
n08,n54,19
n03,n54,14
n47,n54,14
n50,n54,14
n11,n54,21
n18,n54,26
n25,n76,10
n15,n76,12
n47,n25,40
n15,n25,9
n04,n25,63
n36,n57,140
n63,n53,72
n48,n63,8
n68,n35,33
n45,n22,53
n38,n22,7
n47,n22,81
n50,n22,109
n03,n60,47
n34,n60,44
n03,n06,133
n14,n62,27
n08,n62,138
n29,n16,106
n64,n55,3
n64,n03,19
n45,n73,8
n08,n73,32
n03,n73,15
n12,n73,18
n18,n73,30
n04,n54,12
n23,n28,55
n14,n22,92
n35,n53,66
n57,n39,48
n76,n77,11
n11,n19,117
n18,n19,144
n22,n55,10
n05,n22,28
n75,n14,116
n32,n69,61
n69,n63,29
n37,n69,37
n45,n69,27
n14,n69,20
n16,n69,8
n08,n56,91
n34,n56,42
n56,n59,17
n12,n56,58
n64,n06,17
n64,n09,14
n14,n05,70
n32,n60,83
n47,n60,106
n57,n60,19
n29,n69,16
n68,n28,23
n21,n22,34
n48,n21,13
n37,n22,72
n60,n22,13
n34,n22,52
n48,n22,25
n48,n60,9
n34,n48,24
n48,n16,13
n08,n43,5
n53,n43,2
n11,n43,7
n12,n43,5
n32,n33,15
n34,n63,69
n08,n33,50
n03,n33,7
n34,n33,22
n11,n33,43
n04,n33,34
n18,n33,53
n36,n60,76
n22,n09,56
n15,n22,51
n40,n73,9
n23,n73,8
n39,n73,11
n11,n73,36
n04,n73,23
n32,n76,128
n04,n46,52
n68,n06,54
n06,n14,147
n26,n43,1
n32,n78,37
n32,n70,47
n76,n78,14
n76,n70,29
n50,n70,67
n03,n77,71
n11,n77,125
n50,n07,40
n35,n75,41
n75,n63,41
n50,n49,15
n39,n07,20
n47,n07,34
n07,n53,85
n16,n07,11
n07,n59,47
n11,n07,175
n04,n07,67
n21,n55,18
n21,n39,91
n68,n21,40
n53,n55,25
n29,n55,45
n68,n55,17
n68,n53,81
n16,n01,5
n38,n57,24
n75,n57,62
n23,n25,31
n08,n20,33
n36,n20,12
n11,n20,21
n18,n20,27
n09,n70,12
n61,n59,37
n26,n77,37
n40,n22,26
n50,n73,25
n50,n65,17
n47,n73,15
n47,n65,14
n65,n73,3
n12,n25,42
n15,n02,60
n19,n07,5
n66,n09,39
n04,n20,29
n45,n20,13
n03,n22,46
n23,n56,29
n03,n56,34
n04,n56,56
n64,n32,33
n04,n64,83
n47,n49,9
n49,n53,2
n29,n49,2
n26,n49,2
n11,n49,15
n40,n62,9
n40,n61,16
n37,n62,44
n37,n61,50
n60,n09,30
n38,n60,9
n45,n62,21
n45,n61,33
n06,n62,21
n03,n62,24
n62,n09,11
n38,n62,8
n50,n62,58
n04,n62,81
n06,n61,22
n38,n06,27
n61,n09,20
n38,n61,6
n50,n61,81
n04,n61,98
n24,n67,1
n35,n70,30
n32,n22,84
n26,n35,47
n36,n76,47
n26,n76,36
n12,n76,134
n68,n60,12
n38,n28,19
n08,n67,57
n67,n09,7
n67,n59,7
n11,n67,41
n35,n22,17
n63,n22,19
n37,n33,30
n64,n22,6
n39,n22,27
n29,n22,28
n37,n64,60
n64,n47,53
n64,n53,20
n64,n59,14
n23,n77,66
n53,n77,26
n23,n13,11
n45,n13,8
n12,n13,24
n45,n05,52
n40,n56,28
n36,n56,46
n03,n69,52
n57,n09,41
n22,n46,21
n25,n49,1
n68,n24,51
n34,n62,18
n34,n52,47
n35,n29,63
n32,n01,13
n23,n01,27
n37,n66,39
n37,n01,17
n66,n60,10
n60,n01,4
n14,n01,13
n08,n01,49
n66,n01,4
n06,n66,14
n66,n52,5
n16,n66,21
n06,n01,13
n09,n01,9
n52,n01,3
n50,n01,15
n11,n01,72
n18,n01,84
n06,n52,46
n52,n09,18
n40,n70,13
n11,n44,28
n63,n01,1
n32,n05,76
n05,n09,46
n47,n05,67
n45,n52,61
n24,n39,52
n35,n62,6
n28,n62,6
n36,n28,92
n36,n62,28
n07,n22,11
n56,n14,9
n56,n05,8
n18,n56,101
n36,n05,37
n68,n66,8
n23,n22,100
n12,n77,101
n12,n01,51
n57,n53,101
n57,n16,41
n06,n39,100
n39,n52,64
n57,n52,22
n04,n70,55
n39,n76,42
n57,n06,68
n40,n46,15
n15,n69,2
n38,n07,8
n34,n07,22
n48,n07,7
n38,n34,74
n38,n48,5
n39,n60,70
n36,n33,31
n47,n33,31
n28,n45,67
n45,n49,2
n28,n56,15
n28,n73,1
n28,n16,18
n56,n73,1
n56,n16,7
n16,n73,2
n49,n73,1
n16,n49,1
n04,n49,12
n12,n49,12
n26,n55,28
n57,n29,81
n21,n09,66
n09,n55,17
n47,n55,53
n36,n01,6
n68,n01,5
n56,n09,14
n26,n56,56
n69,n74,4
n40,n16,58
n34,n15,70
n08,n70,75
n05,n70,6
n64,n50,64
n26,n66,24
n14,n78,6
n08,n78,47
n53,n78,10
n34,n78,15
n32,n73,22
n22,n73,2
n23,n33,26
n34,n66,11
n69,n53,14
n36,n43,5
n21,n73,5
n36,n73,12
n15,n73,2
n57,n73,2
n05,n73,4
n15,n57,57
n57,n55,18
n69,n78,5
n48,n09,23
n63,n52,14
n67,n73,2
n38,n02,9
n36,n02,27
n06,n07,25
n07,n09,24
n32,n25,37
n32,n72,22
n35,n25,19
n25,n63,18
n14,n25,6
n36,n25,23
n03,n25,32
n25,n72,4
n14,n72,9
n36,n72,12
n03,n72,24
n15,n78,2
n25,n22,2
n64,n15,12
n40,n57,73
n47,n52,100
n40,n02,17
n37,n02,48
n38,n59,38
n28,n76,7
n28,n69,5
n63,n59,88
n08,n65,14
n65,n69,8
n69,n30,5
n65,n30,2
n12,n65,15
n26,n02,23
n56,n47,44
n50,n56,50
n68,n56,27
n36,n77,60
n16,n20,1
n06,n02,30
n15,n46,41
n02,n46,20
n59,n13,10
n07,n02,8
n21,n07,19
n07,n13,2
n37,n13,15
n04,n13,21
n32,n62,35
n23,n62,50
n53,n73,7
n50,n02,67
n24,n06,46
n39,n63,89
n15,n63,22
n15,n39,49
n39,n02,18
n32,n07,37
n39,n61,31
n69,n22,7
n22,n70,5
n14,n70,15
n69,n70,8
n06,n63,40
n64,n34,26
n37,n54,9
n69,n54,7
n68,n54,3
n06,n78,9
n39,n78,15
n59,n78,14
n35,n02,12
n05,n02,41
n35,n05,11
n04,n19,60
n14,n19,25
n45,n33,15
n52,n53,26
n25,n73,2
n68,n78,5
n68,n76,18
n35,n78,11
n32,n61,50
n06,n76,20
n76,n61,4
n76,n52,18
n64,n21,16
n64,n76,4
n14,n46,57
n06,n46,28
n16,n46,16
n54,n73,3
n05,n07,29
n15,n55,14
n59,n55,37
n45,n19,23
n45,n46,27
n19,n59,33
n19,n46,18
n28,n03,39
n28,n39,38
n29,n19,11
n29,n02,24
n19,n02,13
n32,n19,27
n23,n19,31
n76,n07,4
n76,n53,36
n19,n76,3
n47,n19,31
n19,n53,83
n50,n19,40
n38,n55,12
n32,n74,14
n21,n63,42
n21,n74,8
n23,n74,5
n35,n74,9
n63,n74,14
n03,n74,17
n47,n74,10
n29,n74,9
n59,n74,4
n23,n70,34
n75,n44,2
n18,n44,27
n09,n78,6
n34,n25,16
n16,n25,6
n76,n59,47
n64,n66,4
n28,n09,17
n28,n29,42
n37,n49,7
n49,n09,1
n40,n28,47
n68,n15,35
n64,n33,35
n06,n19,18
n35,n38,10
n16,n77,15
n78,n31,2
n62,n59,23
n52,n70,3
n18,n70,71
n64,n16,14
n37,n70,36
n45,n01,16
n23,n31,14
n14,n31,5
n08,n31,26
n39,n31,9
n11,n31,22
n04,n31,24
n18,n31,33
n39,n70,26
n35,n60,20
n66,n51,1
n68,n05,17
n34,n69,26
n75,n56,37
n57,n31,5
n47,n31,14
n40,n05,41
n57,n76,14
n26,n78,16
n68,n22,22
n24,n22,16
n24,n56,31
n63,n55,16
n44,n21,5
n75,n62,9
n64,n02,4
n14,n02,52
n64,n14,17
n76,n22,16
n77,n46,5
n50,n46,47
n68,n07,10
n23,n65,11
n77,n01,3
n65,n77,3
n65,n01,1
n11,n65,16
n18,n65,19
n62,n22,2
n61,n22,4
n40,n15,50
n69,n25,15
n75,n76,22
n64,n13,3
n64,n52,7
n64,n75,28
n36,n13,11
n52,n13,2
n75,n13,3
n50,n13,14
n29,n13,8
n16,n76,21
n15,n66,19
n32,n65,11
n15,n65,2
n68,n48,7
n06,n25,7
n25,n52,4
n68,n25,9
n68,n52,20
n72,n76,11
n47,n72,19
n38,n51,2
n21,n46,14
n75,n46,19
n12,n33,31
n24,n69,5
n54,n78,2
n35,n77,21
n77,n59,29
n62,n77,1
n68,n62,9
n68,n77,25
n75,n66,14
n69,n72,11
n15,n77,11
n34,n67,12
n19,n67,2
n34,n19,16
n02,n22,33
n09,n73,2
n34,n73,5
n29,n73,7
n36,n67,14
n36,n31,17
n67,n31,3
n76,n31,4
n60,n55,11
n61,n55,8
n52,n55,4
n36,n54,14
n16,n54,3
n19,n09,37
n69,n73,7
n15,n19,39
n05,n19,19
n50,n67,43
n23,n78,20
n45,n78,18
n75,n78,13
n16,n78,9
n40,n44,7
n23,n44,9
n44,n22,5
n08,n44,33
n03,n44,5
n50,n44,12
n44,n15,13
n04,n44,19
n44,n05,16
n12,n44,20
n25,n70,7
n67,n77,5
n75,n54,3
n38,n69,7
n37,n73,12
n76,n73,5
n52,n73,3
n24,n60,12
n24,n15,18
n37,n56,32
n38,n70,5
n38,n78,3
n21,n77,19
n39,n25,19
n44,n59,4
n44,n29,4
n09,n46,32
n47,n46,24
n26,n46,19
n37,n74,5
n50,n74,18
n26,n74,4
n74,n70,4
n04,n74,8
n29,n70,15
n26,n70,13
n69,n59,18
n37,n46,31
n66,n46,8
n45,n66,18
n40,n78,7
n21,n61,16
n64,n61,4
n26,n64,20
n64,n57,13
n15,n61,10
n57,n61,9
n64,n28,5
n45,n70,29
n47,n70,38
n56,n60,2
n56,n53,24
n28,n77,11
n64,n56,3
n15,n70,7
n48,n70,2
n28,n53,31
n28,n48,4
n23,n46,36
n29,n46,16
n76,n60,7
n37,n44,9
n36,n44,6
n34,n44,8
n26,n44,2
n24,n44,1
n14,n73,3
n56,n06,12
n04,n01,36
n53,n51,1
n15,n51,2
n24,n48,7
n76,n46,2
n57,n46,17
n75,n19,5
n48,n19,3
n25,n67,3
n40,n07,18
n32,n67,37
n14,n67,8
n70,n01,1
n62,n02,2
n62,n53,17
n06,n69,11
n06,n73,3
n68,n73,4
n25,n59,12
n28,n63,14
n75,n28,30
n32,n20,12
n35,n20,1
n37,n20,23
n35,n61,10
n34,n61,25
n21,n33,5
n33,n53,10
n15,n33,3
n29,n33,15
n33,n59,11
n44,n02,8
n37,n51,4
n16,n51,2
n03,n46,15
n39,n13,4
n76,n55,4
n35,n06,36
n05,n46,21
n32,n31,25
n50,n31,21
n75,n72,10
n68,n72,2
n21,n01,9
n45,n25,20
n59,n70,13
n68,n70,18
n34,n54,3
n35,n54,4
n64,n35,3
n64,n63,9
n28,n15,11
n03,n67,33
n49,n70,4
n23,n20,17
n62,n20,1
n52,n20,3
n03,n30,17
n29,n61,11
n15,n52,9
n36,n30,8
n45,n02,39
n24,n07,8
n75,n69,19
n75,n33,8
n63,n49,7
n69,n49,1
n49,n74,1
n66,n07,11
n07,n46,5
n28,n25,3
n57,n48,10
n35,n16,35
n63,n61,11
n33,n61,4
n33,n52,2
n38,n76,5
n34,n43,2
n75,n43,1
n15,n07,25
n28,n06,17
n28,n05,10
n48,n46,11
n24,n62,4
n39,n69,15
n76,n74,7
n48,n76,4
n06,n74,4
n48,n74,2
n77,n78,5
n38,n77,12
n45,n54,2
n36,n19,24
n52,n77,3
n77,n30,2
n52,n78,4
n78,n30,2
n39,n30,6
n52,n30,1
n64,n38,9
n28,n02,6
n24,n76,15
n28,n57,17
n40,n25,10
n21,n25,7
n63,n07,7
n03,n07,16
n56,n52,5
n56,n72,3
n72,n52,3
n04,n72,24
n28,n55,8
n55,n70,2
n28,n70,5
n16,n67,4
n06,n31,8
n07,n55,5
n21,n70,8
n63,n09,36
n64,n74,1
n39,n74,4
n26,n72,8
n16,n74,7
n66,n62,3
n60,n70,5
n35,n46,10
n02,n55,7
n57,n02,26
n06,n77,21
n47,n01,13
n29,n62,14
n77,n55,5
n66,n76,3
n29,n66,12
n25,n77,6
n26,n19,12
n15,n60,16
n35,n56,9
n56,n29,24
n48,n61,2
n60,n02,6
n52,n02,5
n56,n21,19
n40,n13,8
n14,n13,4
n26,n13,6
n03,n19,20
n35,n57,33
n06,n70,11
n21,n19,12
n19,n55,4
n16,n61,9
n21,n66,14
n14,n30,1
n61,n30,1
n16,n30,1
n66,n55,3
n37,n19,36
n59,n01,13
n56,n76,6
n29,n72,7
n38,n33,3
n77,n70,9
n28,n14,23
n07,n77,5
n57,n07,15
n56,n63,7
n56,n39,19
n64,n19,1
n34,n49,5
n34,n70,14
n33,n67,1
n39,n67,14
n29,n67,11
n39,n33,7
n69,n09,9
n21,n78,8
n07,n78,2
n78,n13,1
n06,n13,5
n47,n13,10
n53,n13,5
n19,n13,1
n05,n13,6
n46,n13,3
n19,n78,1
n05,n78,2
n46,n78,2
n36,n07,27
n19,n66,4
n57,n70,9
n38,n56,16
n03,n31,20
n34,n31,7
n66,n22,14
n67,n70,9
n64,n24,11
n67,n78,6
n67,n74,4
n63,n67,21
n35,n67,8
n60,n78,4
n36,n70,22
n16,n33,7
n35,n01,3
n38,n25,3
n24,n25,5
n38,n01,3
n24,n01,2
n75,n70,6
n63,n62,8
n57,n62,8
n47,n30,7
n39,n46,11
n67,n53,7
n26,n67,10
n35,n09,26
n24,n33,4
n53,n70,14
n69,n67,8
n65,n67,3
n65,n14,1
n49,n55,2
n24,n70,7
n33,n20,1
n39,n20,6
n47,n20,15
n40,n49,3
n32,n49,10
n49,n76,5
n16,n70,10
n49,n59,4
n55,n20,2
n64,n20,2
n03,n20,6
n35,n07,6
n69,n07,1
n69,n77,7
n39,n19,12
n57,n19,11
n75,n01,7
n67,n55,2
n67,n60,3
n06,n67,9
n32,n51,4
n20,n51,1
n47,n51,1
n04,n51,3
n39,n01,7
n34,n01,5
n29,n01,9
n03,n65,12
n77,n09,6
n38,n30,1
n40,n31,6
n45,n31,10
n24,n19,3
n05,n66,15
n63,n31,4
n77,n31,6
n12,n31,21
n57,n69,12
n28,n60,6
n64,n25,4
n15,n62,5
n45,n67,10
n48,n67,3
n40,n65,4
n65,n63,8
n65,n06,2
n34,n65,5
n26,n65,3
n38,n05,10
n64,n65,1
n65,n33,1
n29,n65,3
n21,n02,16
n36,n46,27
n56,n55,3
n63,n66,9
n24,n77,8
n62,n55,5
n09,n13,4
n69,n55,5
n40,n19,10
n19,n63,9
n19,n60,7
n69,n60,3
n37,n72,14
n72,n61,1
n77,n22,7
n48,n77,3
n05,n01,8
n57,n78,1
n45,n74,6
n35,n31,7
n68,n31,5
n11,n72,33
n34,n20,3
n15,n20,3
n65,n78,3
n65,n16,2
n27,n71,2
n37,n71,1
n36,n71,2
n50,n71,1
n04,n71,2
n37,n27,1
n36,n27,2
n50,n27,2
n04,n27,4
n43,n42,6
n63,n02,9
n65,n76,3
n65,n49,1
n63,n17,1
n08,n17,1
n50,n17,1
n17,n59,1
n11,n17,2
n18,n17,5
n57,n13,2
n16,n31,6
n29,n31,8
n38,n52,12
n37,n65,7
n56,n62,1
n56,n61,6
n23,n54,8
n54,n09,2
n54,n70,1
n12,n54,10
n24,n46,6
n56,n43,1
n26,n69,21
n44,n46,2
n28,n72,2
n59,n51,2
n77,n73,6
n26,n73,7
n14,n54,2
n54,n72,3
n24,n55,3
n03,n02,22
n57,n01,6
n63,n73,10
n72,n73,6
n70,n73,7
n72,n70,4
n36,n74,4
n76,n02,4
n75,n61,16
n37,n31,11
n65,n31,1
n04,n65,20
n52,n22,10
n74,n73,1
n75,n77,24
n75,n25,11
n25,n53,9
n54,n59,4
n46,n70,2
n46,n01,3
n39,n49,5
n68,n49,5
n57,n25,7
n56,n66,2
n15,n54,4
n75,n67,7
n64,n07,5
n75,n07,8
n55,n01,2
n28,n01,2
n26,n01,7
n26,n25,11
n45,n72,9
n34,n72,14
n36,n49,7
n44,n57,4
n67,n22,6
n72,n02,3
n57,n66,6
n56,n69,4
n56,n33,2
n68,n33,4
n03,n01,6
n06,n54,6
n24,n61,3
n32,n44,9
n68,n44,4
n61,n70,2
n40,n54,1
n35,n33,2
n14,n33,8
n33,n05,3
n26,n31,6
n39,n51,2
n50,n51,1
n68,n64,14
n35,n73,8
n25,n60,5
n60,n73,1
n24,n73,3
n29,n20,8
n26,n20,13
n63,n46,2
n54,n25,4
n54,n61,3
n68,n02,11
n53,n74,5
n48,n02,14
n72,n09,3
n57,n72,2
n56,n15,5
n35,n19,7
n19,n62,2
n19,n52,3
n25,n09,4
n77,n20,2
n12,n20,17
n21,n20,6
n35,n44,2
n44,n45,8
n44,n39,4
n44,n53,9
n44,n16,1
n06,n33,7
n40,n42,1
n28,n61,5
n33,n09,5
n05,n76,10
n62,n78,3
n48,n39,15
n55,n74,1
n48,n55,4
n22,n01,2
n35,n48,8
n69,n01,1
n74,n01,1
n48,n01,1
n48,n69,1
n38,n74,1
n07,n60,6
n56,n02,7
n48,n25,1
n28,n33,2
n44,n07,2
n77,n02,10
n72,n07,2
n72,n53,8
n15,n72,5
n16,n72,4
n72,n59,9
n48,n72,2
n48,n62,5
n65,n60,4
n65,n09,1
n65,n59,2
n33,n19,1
n48,n78,1
n25,n02,1
n34,n13,7
n28,n78,2
n72,n78,3
n75,n51,3
n54,n30,3
n59,n20,5
n77,n74,2
n50,n20,11
n19,n20,2
n49,n67,4
n65,n55,1
n65,n62,1
n65,n39,7
n65,n52,4
n72,n49,3
n40,n20,5
n05,n20,1
n63,n20,2
n39,n72,6
n56,n57,8
n09,n74,1
n19,n74,2
n44,n14,6
n44,n47,8
n22,n78,5
n53,n31,5
n18,n43,5
n14,n43,1
n56,n70,4
n69,n31,3
n15,n31,1
n07,n51,1
n14,n51,3
n28,n22,1
n40,n51,1
n06,n51,2
n36,n51,1
n56,n22,5
n72,n22,2
n02,n70,1
n54,n53,3
n24,n54,2
n54,n67,2
n21,n67,6
n64,n05,7
n35,n49,4
n49,n78,2
n35,n66,5
n69,n66,1
n57,n33,1
n33,n69,2
n38,n46,7
n64,n44,2
n64,n54,2
n44,n54,1
n55,n46,4
n19,n61,2
n61,n46,4
n16,n19,4
n05,n60,6
n44,n77,3
n19,n77,4
n44,n31,1
n44,n19,2
n19,n31,1
n57,n20,5
n69,n52,1
n76,n62,4
n15,n13,2
n25,n30,3
n09,n20,2
n19,n01,1
n73,n31,5
n72,n31,3
n25,n19,3
n21,n54,2
n21,n51,1
n55,n51,1
n23,n51,1
n05,n51,1
n46,n51,2
n38,n72,2
n38,n66,4
n59,n73,7
n66,n13,1
n59,n31,8
n68,n30,1
n33,n02,3
n61,n74,2
n52,n74,5
n61,n77,1
n65,n72,3
n25,n61,1
n19,n70,1
n06,n72,2
n15,n43,1
n65,n45,2
n02,n01,3
n07,n52,8
n05,n52,7
n28,n54,2
n25,n55,3
n05,n77,3
n38,n43,1
n53,n01,7
n64,n72,4
n32,n30,8
n21,n72,6
n22,n31,2
n24,n49,2
n55,n78,1
n33,n54,2
n60,n46,5
n14,n20,2
n76,n30,1
n67,n30,1
n49,n52,1
n64,n62,1
n68,n19,4
n61,n78,3
n76,n13,1
n03,n13,5
n15,n67,4
n64,n73,1
n65,n54,2
n49,n02,1
n05,n49,1
n28,n13,2
n56,n25,4
n75,n73,2
n64,n46,3
n24,n66,4
n24,n78,2
n64,n48,3
n09,n31,3
n25,n05,3
n44,n69,2
n44,n72,2
n44,n09,1
n25,n46,1
n06,n49,1
n57,n49,1
n72,n55,1
n06,n20,4
n72,n67,4
n78,n01,1
n76,n20,1
n44,n55,2
n44,n06,1
n67,n07,1
n28,n07,7
n28,n67,1
n75,n49,1
n16,n62,2
n14,n74,3
n38,n31,1
n06,n43,1
n59,n43,2
n23,n17,2
n64,n60,1
n32,n71,1
n32,n27,1
n77,n71,1
n08,n71,1
n03,n71,1
n11,n71,1
n12,n71,1
n18,n71,1
n77,n27,1
n08,n27,1
n03,n27,1
n11,n27,2
n12,n27,1
n18,n27,3
n62,n46,1
n28,n10,1
n11,n10,2
n18,n10,2
n56,n78,1
n40,n01,6
n09,n30,2
n54,n63,2
n09,n51,1
n78,n73,2
n55,n30,1
n05,n62,3
n05,n61,4
n72,n01,3
n36,n17,2
n52,n46,3
n65,n25,2
n32,n17,2
n12,n17,2
n72,n46,1
n54,n31,1
n39,n54,3
n56,n65,2
n69,n02,1
n67,n62,2
n75,n31,2
n63,n13,1
n72,n60,1
n07,n73,1
n44,n76,2
n38,n44,1
n68,n65,1
n68,n67,4
n15,n74,1
n04,n43,1
n57,n65,2
n35,n13,1
n55,n13,2
n77,n13,2
n62,n01,1
n28,n65,1
n24,n65,1
n64,n70,1
n62,n30,1
n06,n17,1
n06,n30,3
n17,n30,1
n49,n17,1
n49,n30,1
n15,n01,4
n57,n54,1
n38,n67,2
n44,n33,1
n75,n20,3
n34,n30,3
n02,n73,2
n02,n31,1
n40,n27,1
n23,n27,2
n45,n27,1
n39,n27,1
n69,n19,2
n69,n61,1
n57,n67,11
n28,n43,1
n33,n01,1
n53,n20,3
n21,n31,3
n33,n22,2
n60,n20,1
n33,n07,1
n26,n58,1
n68,n20,5
n66,n77,4
n48,n49,1
n38,n49,1
n56,n67,1
n40,n43,3
n34,n74,3
n66,n67,1
n66,n70,1
n33,n76,2
n65,n53,2
n25,n13,1
n66,n61,3
n64,n78,1
n75,n74,1
n24,n74,1
n64,n77,1
n07,n61,4
n48,n52,1
n54,n76,3
n24,n72,1
n69,n05,1
n43,n41,2
n38,n73,1
n60,n51,1
n26,n51,1
n75,n65,2
n25,n31,2
n64,n17,1
n07,n62,2
n57,n74,3
n32,n10,1
n25,n78,1
n06,n27,1
n70,n13,1
n52,n31,1
n74,n31,1
n70,n31,1
n28,n20,1
n29,n54,3
n02,n78,1
n66,n78,1
n28,n44,1
n38,n65,1
n65,n70,1
n05,n67,1
n35,n43,1
n56,n46,1
n44,n60,1
n37,n43,1
n22,n20,1
n44,n62,1
n62,n74,1
n67,n02,2
n69,n46,1
n05,n31,1
n25,n66,1
n28,n66,1
n67,n20,1
n36,n42,1
n03,n17,1
n17,n70,1
n45,n51,1